-- Carreras
INSERT INTO CARRERA VALUES(0100, 'Ingenieria Electrica', 3.5);
INSERT INTO CARRERA VALUES(0200, 'Ingenieria Mecanica', 3.5);
INSERT INTO CARRERA VALUES(0300, 'Ingenieria Quimica', 3.5);
INSERT INTO CARRERA VALUES(0400, 'Licenciatura en Quimica', 3.5);
INSERT INTO CARRERA VALUES(0500, 'Licenciatura en Matematicas', 3.5);
INSERT INTO CARRERA VALUES(0600, 'Ingenieria Electronica', 3.5);
INSERT INTO CARRERA VALUES(0700, 'Arquitectura', 3.5);
INSERT INTO CARRERA VALUES(0800, 'Ingenieria de la Computacion', 3.5);
INSERT INTO CARRERA VALUES(1000, 'Licenciatura en Fisica', 3.5);
INSERT INTO CARRERA VALUES(1100, 'Urbanismo', 3.5);
INSERT INTO CARRERA VALUES(1200, 'Ingenieria Geofisica', 3.5);
INSERT INTO CARRERA VALUES(1500, 'Ingenieria de Materiales', 3.5);
INSERT INTO CARRERA VALUES(1700, 'Ingenieria de Produccion', 3.5);
INSERT INTO CARRERA VALUES(1800, 'Ingenieria de Telecomunicaciones', 3.5);               --nueva
INSERT INTO CARRERA VALUES(1900, 'Licenciatura en Biologia', 3.5);
INSERT INTO CARRERA VALUES(3000, 'Licenciatura en Gestion de la Hospitalidad', 3.5);
INSERT INTO CARRERA VALUES(3200, 'Licenciatura en Comercio Internacional', 3.5);
INSERT INTO CARRERA VALUES(4000, 'Ingenieria de Mantenimiento', 3.5);                    --nueva

INSERT INTO PLAZOS VALUES(0100, 3, 3);
INSERT INTO PLAZOS VALUES(0200, 3, 3);
INSERT INTO PLAZOS VALUES(0300, 3, 3);
INSERT INTO PLAZOS VALUES(0400, 3, 3);
INSERT INTO PLAZOS VALUES(0500, 3, 3);
INSERT INTO PLAZOS VALUES(0600, 3, 3);
INSERT INTO PLAZOS VALUES(0700, 3, 3);
INSERT INTO PLAZOS VALUES(0800, 3, 3);
INSERT INTO PLAZOS VALUES(1000, 3, 3);
INSERT INTO PLAZOS VALUES(1100, 3, 3);
INSERT INTO PLAZOS VALUES(1200, 3, 3);
INSERT INTO PLAZOS VALUES(1500, 3, 3);
INSERT INTO PLAZOS VALUES(1700, 3, 3);
INSERT INTO PLAZOS VALUES(1800, 3, 3);               --nueva
INSERT INTO PLAZOS VALUES(1900, 3, 3);
INSERT INTO PLAZOS VALUES(3000, 3, 3);
INSERT INTO PLAZOS VALUES(3200, 3, 3);
INSERT INTO PLAZOS VALUES(4000, 3, 3);                    --nueva

INSERT INTO COHORTE VALUES('2005');
INSERT INTO COHORTE VALUES('2006');
INSERT INTO COHORTE VALUES('2007');
INSERT INTO COHORTE VALUES('2008');
INSERT INTO COHORTE VALUES('2009');
INSERT INTO COHORTE VALUES('2010');
INSERT INTO COHORTE VALUES('2011');	
INSERT INTO COHORTE VALUES('2012');
INSERT INTO CONTIENE VALUES(0100, '2005', 10, 100);
INSERT INTO CONTIENE VALUES(0100, '2006', 10, 100);
INSERT INTO CONTIENE VALUES(0100, '2007', 10, 100);
INSERT INTO CONTIENE VALUES(0100, '2008', 10, 100);
INSERT INTO CONTIENE VALUES(0100, '2009', 10, 100);
INSERT INTO CONTIENE VALUES(0100, '2010', 10, 100);
INSERT INTO CONTIENE VALUES(0100, '2011', 10, 100);
INSERT INTO CONTIENE VALUES(0100, '2012', 10, 100);
INSERT INTO CONTIENE VALUES(0200, '2005', 10, 100);
INSERT INTO CONTIENE VALUES(0200, '2006', 10, 100);
INSERT INTO CONTIENE VALUES(0200, '2007', 10, 100);
INSERT INTO CONTIENE VALUES(0200, '2008', 10, 100);
INSERT INTO CONTIENE VALUES(0200, '2009', 10, 100);
INSERT INTO CONTIENE VALUES(0200, '2010', 10, 100);
INSERT INTO CONTIENE VALUES(0200, '2011', 10, 100);
INSERT INTO CONTIENE VALUES(0200, '2012', 10, 100);
INSERT INTO CONTIENE VALUES(0300, '2005', 10, 100);
INSERT INTO CONTIENE VALUES(0300, '2006', 10, 100);
INSERT INTO CONTIENE VALUES(0300, '2007', 10, 100);
INSERT INTO CONTIENE VALUES(0300, '2008', 10, 100);
INSERT INTO CONTIENE VALUES(0300, '2009', 10, 100);
INSERT INTO CONTIENE VALUES(0300, '2010', 10, 100);
INSERT INTO CONTIENE VALUES(0300, '2011', 10, 100);
INSERT INTO CONTIENE VALUES(0300, '2012', 10, 100);
INSERT INTO CONTIENE VALUES(0400, '2005', 10, 100);
INSERT INTO CONTIENE VALUES(0400, '2006', 10, 100);
INSERT INTO CONTIENE VALUES(0400, '2007', 10, 100);
INSERT INTO CONTIENE VALUES(0400, '2008', 10, 100);
INSERT INTO CONTIENE VALUES(0400, '2009', 10, 100);
INSERT INTO CONTIENE VALUES(0400, '2010', 10, 100);
INSERT INTO CONTIENE VALUES(0400, '2011', 10, 100);
INSERT INTO CONTIENE VALUES(0400, '2012', 10, 100);
INSERT INTO CONTIENE VALUES(0500, '2005', 10, 100);
INSERT INTO CONTIENE VALUES(0500, '2006', 10, 100);
INSERT INTO CONTIENE VALUES(0500, '2007', 10, 100);
INSERT INTO CONTIENE VALUES(0500, '2008', 10, 100);
INSERT INTO CONTIENE VALUES(0500, '2009', 10, 100);
INSERT INTO CONTIENE VALUES(0500, '2010', 10, 100);
INSERT INTO CONTIENE VALUES(0500, '2011', 10, 100);
INSERT INTO CONTIENE VALUES(0500, '2012', 10, 100);
INSERT INTO CONTIENE VALUES(0600, '2005', 10, 100);
INSERT INTO CONTIENE VALUES(0600, '2006', 10, 100);
INSERT INTO CONTIENE VALUES(0600, '2007', 10, 100);
INSERT INTO CONTIENE VALUES(0600, '2008', 10, 100);
INSERT INTO CONTIENE VALUES(0600, '2009', 10, 100);
INSERT INTO CONTIENE VALUES(0600, '2010', 10, 100);
INSERT INTO CONTIENE VALUES(0600, '2011', 10, 100);
INSERT INTO CONTIENE VALUES(0600, '2012', 10, 100);
INSERT INTO CONTIENE VALUES(0700, '2005', 10, 100);
INSERT INTO CONTIENE VALUES(0700, '2006', 10, 100);
INSERT INTO CONTIENE VALUES(0700, '2007', 10, 100);
INSERT INTO CONTIENE VALUES(0700, '2008', 10, 100);
INSERT INTO CONTIENE VALUES(0700, '2009', 10, 100);
INSERT INTO CONTIENE VALUES(0700, '2010', 10, 100);
INSERT INTO CONTIENE VALUES(0700, '2011', 10, 100);
INSERT INTO CONTIENE VALUES(0700, '2012', 10, 100);
INSERT INTO CONTIENE VALUES(0800, '2005', 10, 100);
INSERT INTO CONTIENE VALUES(0800, '2006', 10, 100);
INSERT INTO CONTIENE VALUES(0800, '2007', 10, 100);
INSERT INTO CONTIENE VALUES(0800, '2008', 10, 100);
INSERT INTO CONTIENE VALUES(0800, '2009', 10, 100);
INSERT INTO CONTIENE VALUES(0800, '2010', 10, 100);
INSERT INTO CONTIENE VALUES(0800, '2011', 10, 100);
INSERT INTO CONTIENE VALUES(0800, '2012', 10, 100);
INSERT INTO CONTIENE VALUES(1000, '2005', 10, 100);
INSERT INTO CONTIENE VALUES(1000, '2006', 10, 100);
INSERT INTO CONTIENE VALUES(1000, '2007', 10, 100);
INSERT INTO CONTIENE VALUES(1000, '2008', 10, 100);
INSERT INTO CONTIENE VALUES(1000, '2009', 10, 100);
INSERT INTO CONTIENE VALUES(1000, '2010', 10, 100);
INSERT INTO CONTIENE VALUES(1000, '2011', 10, 100);
INSERT INTO CONTIENE VALUES(1000, '2012', 10, 100);
INSERT INTO CONTIENE VALUES(1100, '2005', 10, 100);
INSERT INTO CONTIENE VALUES(1100, '2006', 10, 100);
INSERT INTO CONTIENE VALUES(1100, '2007', 10, 100);
INSERT INTO CONTIENE VALUES(1100, '2008', 10, 100);
INSERT INTO CONTIENE VALUES(1100, '2009', 10, 100);
INSERT INTO CONTIENE VALUES(1100, '2010', 10, 100);
INSERT INTO CONTIENE VALUES(1100, '2011', 10, 100);
INSERT INTO CONTIENE VALUES(1100, '2012', 10, 100);
INSERT INTO CONTIENE VALUES(1200, '2005', 10, 100);
INSERT INTO CONTIENE VALUES(1200, '2006', 10, 100);
INSERT INTO CONTIENE VALUES(1200, '2007', 10, 100);
INSERT INTO CONTIENE VALUES(1200, '2008', 10, 100);
INSERT INTO CONTIENE VALUES(1200, '2009', 10, 100);
INSERT INTO CONTIENE VALUES(1200, '2010', 10, 100);
INSERT INTO CONTIENE VALUES(1200, '2011', 10, 100);
INSERT INTO CONTIENE VALUES(1200, '2012', 10, 100);
INSERT INTO CONTIENE VALUES(1500, '2005', 10, 100);
INSERT INTO CONTIENE VALUES(1500, '2006', 10, 100);
INSERT INTO CONTIENE VALUES(1500, '2007', 10, 100);
INSERT INTO CONTIENE VALUES(1500, '2008', 10, 100);
INSERT INTO CONTIENE VALUES(1500, '2009', 10, 100);
INSERT INTO CONTIENE VALUES(1500, '2010', 10, 100);
INSERT INTO CONTIENE VALUES(1500, '2011', 10, 100);
INSERT INTO CONTIENE VALUES(1500, '2012', 10, 100);
INSERT INTO CONTIENE VALUES(1700, '2005', 10, 100);
INSERT INTO CONTIENE VALUES(1700, '2006', 10, 100);
INSERT INTO CONTIENE VALUES(1700, '2007', 10, 100);
INSERT INTO CONTIENE VALUES(1700, '2008', 10, 100);
INSERT INTO CONTIENE VALUES(1700, '2009', 10, 100);
INSERT INTO CONTIENE VALUES(1700, '2010', 10, 100);
INSERT INTO CONTIENE VALUES(1700, '2011', 10, 100);
INSERT INTO CONTIENE VALUES(1700, '2012', 10, 100);
INSERT INTO CONTIENE VALUES(1800, '2005', 10, 100);
INSERT INTO CONTIENE VALUES(1800, '2006', 10, 100);
INSERT INTO CONTIENE VALUES(1800, '2007', 10, 100);
INSERT INTO CONTIENE VALUES(1800, '2008', 10, 100);
INSERT INTO CONTIENE VALUES(1800, '2009', 10, 100);
INSERT INTO CONTIENE VALUES(1800, '2010', 10, 100);
INSERT INTO CONTIENE VALUES(1800, '2011', 10, 100);
INSERT INTO CONTIENE VALUES(1800, '2012', 10, 100);
INSERT INTO CONTIENE VALUES(1900, '2005', 10, 100);
INSERT INTO CONTIENE VALUES(1900, '2006', 10, 100);
INSERT INTO CONTIENE VALUES(1900, '2007', 10, 100);
INSERT INTO CONTIENE VALUES(1900, '2008', 10, 100);
INSERT INTO CONTIENE VALUES(1900, '2009', 10, 100);
INSERT INTO CONTIENE VALUES(1900, '2010', 10, 100);
INSERT INTO CONTIENE VALUES(1900, '2011', 10, 100);
INSERT INTO CONTIENE VALUES(1900, '2012', 10, 100);
INSERT INTO CONTIENE VALUES(3000, '2005', 10, 100);
INSERT INTO CONTIENE VALUES(3000, '2006', 10, 100);
INSERT INTO CONTIENE VALUES(3000, '2007', 10, 100);
INSERT INTO CONTIENE VALUES(3000, '2008', 10, 100);
INSERT INTO CONTIENE VALUES(3000, '2009', 10, 100);
INSERT INTO CONTIENE VALUES(3000, '2010', 10, 100);
INSERT INTO CONTIENE VALUES(3000, '2011', 10, 100);
INSERT INTO CONTIENE VALUES(3000, '2012', 10, 100);
INSERT INTO CONTIENE VALUES(3200, '2005', 10, 100);
INSERT INTO CONTIENE VALUES(3200, '2006', 10, 100);
INSERT INTO CONTIENE VALUES(3200, '2007', 10, 100);
INSERT INTO CONTIENE VALUES(3200, '2008', 10, 100);
INSERT INTO CONTIENE VALUES(3200, '2009', 10, 100);
INSERT INTO CONTIENE VALUES(3200, '2010', 10, 100);
INSERT INTO CONTIENE VALUES(3200, '2011', 10, 100);
INSERT INTO CONTIENE VALUES(3200, '2012', 10, 100);
INSERT INTO CONTIENE VALUES(4000, '2005', 10, 100);
INSERT INTO CONTIENE VALUES(4000, '2006', 10, 100);
INSERT INTO CONTIENE VALUES(4000, '2007', 10, 100);
INSERT INTO CONTIENE VALUES(4000, '2008', 10, 100);
INSERT INTO CONTIENE VALUES(4000, '2009', 10, 100);
INSERT INTO CONTIENE VALUES(4000, '2010', 10, 100);
INSERT INTO CONTIENE VALUES(4000, '2011', 10, 100);
INSERT INTO CONTIENE VALUES(4000, '2012', 10, 100);
INSERT INTO USUARIO VALUES('10-10239',21116835,'Luis','Fernandes','12345','Estudiante');
INSERT INTO USUARIO VALUES('10-10406',20978913,'Rebeca','Machado','12345','Estudiante');
INSERT INTO USUARIO VALUES('10-10055',21116235,'Wilmer','Bandres','12345','Estudiante');
INSERT INTO USUARIO VALUES('09-11059',20145758,'Ana','Arteaga','12345','Estudiante');
INSERT INTO USUARIO VALUES('06-39548',17976087,'David','Franco','12345','Estudiante');
INSERT INTO USUARIO VALUES('11-10979',22908455,'Daniela','Socas Gil','12345','Estudiante');
INSERT INTO ESTUDIANTE VALUES ('10-10239',3.63,0800,TRUE);
INSERT INTO ESTUDIANTE VALUES ('10-10406',4.51,0800,TRUE);
INSERT INTO ESTUDIANTE VALUES ('10-10055',4.21,0800,TRUE);
INSERT INTO ESTUDIANTE VALUES ('09-11059',3.73,0800,TRUE);
INSERT INTO ESTUDIANTE VALUES ('06-39548',3.14,0800,TRUE);
INSERT INTO ESTUDIANTE VALUES ('11-10979',4.2,0800,TRUE);
INSERT INTO SOLICITUD VALUES('10-10055',0700,'2013-09-22',NULL,FALSE,TRUE,'Quiero hacer maquetitas muy pero muy lindas :)');

--Ejemplos para los casos de prueba
INSERT INTO USUARIO VALUES('11-10101',26786272,'Joalbert','Benitez','12345','Estudiante');
INSERT INTO USUARIO VALUES('07-53325',26786278,'Alvaro','Martinez','alma7','Estudiante');
INSERT INTO USUARIO VALUES('12-67634',19441299,'Cristina','Garcia','crista12','Estudiante');
INSERT INTO USUARIO VALUES('05-65923',22237328,'Adrian','Mora','moral05','Estudiante');
INSERT INTO USUARIO VALUES('07-35507',21456352,'Alba','González','alba07','Estudiante');
INSERT INTO USUARIO VALUES('09-75392',24837512,'Carlos','Benitez','carlomagno','Estudiante');
INSERT INTO USUARIO VALUES('10-15612',24494529,'Nerea','Quispe','nestea','Estudiante');
INSERT INTO USUARIO VALUES('09-71136',28405183,'Alejandro','Rodriguez','alejo','Estudiante');
INSERT INTO USUARIO VALUES('06-12381',22938460,'Marta','Gómez','marta06','Estudiante');
INSERT INTO USUARIO VALUES('10-69500',23782194,'Ivan','Flores','hana','Estudiante');

INSERT INTO ESTUDIANTE VALUES('11-10101',3.4,1900,TRUE);
INSERT INTO ESTUDIANTE VALUES('07-53325',4.90,3200,TRUE);
INSERT INTO ESTUDIANTE VALUES('12-67634',3.15,0600,FALSE);
INSERT INTO ESTUDIANTE VALUES('05-65923',4.99,0700,TRUE);
INSERT INTO ESTUDIANTE VALUES('07-35507',4.49,0200,TRUE);
INSERT INTO ESTUDIANTE VALUES('09-75392',3.71,0400,TRUE);
INSERT INTO ESTUDIANTE VALUES('10-15612',3.10,3000,TRUE);
INSERT INTO ESTUDIANTE VALUES('09-71136',3.84,0100,TRUE);
INSERT INTO ESTUDIANTE VALUES('06-12381',4.23,0800,TRUE);
INSERT INTO ESTUDIANTE VALUES('10-69500',4.40,0200,TRUE);

--INSERT INTO SOLICITUD VALUES('10-15612',3200,'2013-09-22',NULL,FALSE,TRUE,'Me quiero ir de pais');
--INSERT INTO SOLICITUD VALUES('12-67634',1700,'2013-09-22',NULL,FALSE,TRUE,'Produccion me parece más facil');

--ejemplos tomados del Directorio USBnet (http://directorio.dst.usb.ve/)
INSERT INTO USUARIO VALUES('lmedina',7542012,'Luis Ulises','Medina Uzcategui','lmedina','Coordinador');
INSERT INTO COORDINADOR VALUES('lmedina',0200);

INSERT INTO USUARIO VALUES('ynino',12433805,'Yajaira','Niño Corredor','ynino','Orientador(DIDE)');
INSERT INTO ORIENTADOR VALUES('ynino');

--coordinadores de las carreras
INSERT INTO USUARIO VALUES('coord-el',100,'Ingenieria Electrica','el','coord-el','Coordinador');
INSERT INTO COORDINADOR VALUES('coord-el',100);
INSERT INTO USUARIO VALUES('coord-mc',200,'Ingenieria Mecanica','mc','coord-mc','Coordinador');
INSERT INTO COORDINADOR VALUES('coord-mc',200);
INSERT INTO USUARIO VALUES('coord-iq',300,'Ingenieria Quimica','iq','coord-iq','Coordinador');
INSERT INTO COORDINADOR VALUES('coord-iq',300);
INSERT INTO USUARIO VALUES('coord-qm',400,'Licenciatura en Quimica','qm','coord-qm','Coordinador');
INSERT INTO COORDINADOR VALUES('coord-qm',400);
INSERT INTO USUARIO VALUES('coord-ma',500,'Licenciatura en Matematicas','ma','coord-ma','Coordinador');
INSERT INTO COORDINADOR VALUES('coord-ma',500);
INSERT INTO USUARIO VALUES('coord-electronica',600,'Ingenieria Electronica','electronica','coord-electronica','Coordinador');
INSERT INTO COORDINADOR VALUES('coord-electronica',600);
INSERT INTO USUARIO VALUES('coord-arq',700,'Arquitectura','arq','coord-arq','Coordinador');
INSERT INTO COORDINADOR VALUES('coord-arq',700);
INSERT INTO USUARIO VALUES('coord-comp',800,'Ingenieria de la Computacion','comp','coord-comp','Coordinador');
INSERT INTO COORDINADOR VALUES('coord-comp',800);
INSERT INTO USUARIO VALUES('coord-fis',1000,'Licenciatura en Fisica','fis','coord-fis','Coordinador');
INSERT INTO COORDINADOR VALUES('coord-fis',1000);
INSERT INTO USUARIO VALUES('coord-urb',1100,'Urbanismo','urb','coord-urb','Coordinador');
INSERT INTO COORDINADOR VALUES('coord-urb',1100);
INSERT INTO USUARIO VALUES('coord-geo',1200,'Ingenieria Geofisica','geo','coord-geo','Coordinador');
INSERT INTO COORDINADOR VALUES('coord-geo',1200);
INSERT INTO USUARIO VALUES('coord-mt',1500,'Ingenieria de Materiales','mt','coord-mt','Coordinador');
INSERT INTO COORDINADOR VALUES('coord-mt',1500);
INSERT INTO USUARIO VALUES('coord-prod',1700,'Ingenieria de Produccion','prod','coord-prod','Coordinador');
INSERT INTO COORDINADOR VALUES('coord-prod',1700);
INSERT INTO USUARIO VALUES('coord-it',1800,'Ingenieria de Telecomunicaciones','it','coord-it','Coordinador');
INSERT INTO COORDINADOR VALUES('coord-it',1800);
INSERT INTO USUARIO VALUES('coord-bio',1900,'Licenciatura en Biologia','bio','coord-bio','Coordinador');
INSERT INTO COORDINADOR VALUES('coord-bio',1900);
INSERT INTO USUARIO VALUES('coord-thnul',3000,'Licenciatura en Gestion de la Hospitalidad','thnul','coord-thnul','Coordinador');
INSERT INTO COORDINADOR VALUES('coord-thnul',3000);
INSERT INTO USUARIO VALUES('coord-cext',3200,'Licenciatura en Comercio Internacional','cext','coord-cext','Coordinador');
INSERT INTO COORDINADOR VALUES('coord-cext',3200);
INSERT INTO USUARIO VALUES('cctmma',4000,'Licenciatura en Comercio Internacional','cctmma','cctmma','Coordinador');
INSERT INTO COORDINADOR VALUES('cctmma',4000);

-- Inserción de Materias

-- Matemáticas Normales
INSERT INTO ASIGNATURA VALUES('MA1511','GEOMETRIA',4);
INSERT INTO ASIGNATURA VALUES('MA1111','MATEMATICAS I',4);
INSERT INTO ASIGNATURA VALUES('MA1112','MATEMATICAS II',4);
INSERT INTO ASIGNATURA VALUES('MA1116','MATEMATICAS III',4);
INSERT INTO ASIGNATURA VALUES('MA2115','MATEMATICAS IV',4);
INSERT INTO ASIGNATURA VALUES('MA2112','MATEMATICAS V',4);
INSERT INTO ASIGNATURA VALUES('MA2113','MATEMATICAS VI',4);
INSERT INTO ASIGNATURA VALUES('MA3111','MATEMATICAS VII',4);

-- Matemáticas de Honor
INSERT INTO ASIGNATURA VALUES('MA1121','MATEMATICAS I (HONORES)',4);
INSERT INTO ASIGNATURA VALUES('MA1122','MATEMATICAS II (HONORES)',4);
INSERT INTO ASIGNATURA VALUES('MA1123','MATEMATICAS III (HONORES)',4);

-- Físicas
INSERT INTO ASIGNATURA VALUES('FS1111','FISICA I',3);
INSERT INTO ASIGNATURA VALUES('FS1112','FISICA II',3);
INSERT INTO ASIGNATURA VALUES('FS2211','FISICA III',3);
INSERT INTO ASIGNATURA VALUES('FS2212','FISICA IV',3);
INSERT INTO ASIGNATURA VALUES('FS2213','FISICA V',3);
INSERT INTO ASIGNATURA VALUES('FS1163','FISICA BASICA',3);
INSERT INTO ASIGNATURA VALUES('FS1117','FISICA DE LAS ESTRUCTURAS',3);


-- Lenguajes
INSERT INTO ASIGNATURA VALUES('LLA111','LENGUAJE I', 3);
INSERT INTO ASIGNATURA VALUES('LLA112','LENGUAJE II', 3);
INSERT INTO ASIGNATURA VALUES('LLA113','LENGUAJE III', 3);

-- Sociales
INSERT INTO ASIGNATURA VALUES('CSA211','VENEZUELA ANTE EL SIGLO XXI-I', 3);
INSERT INTO ASIGNATURA VALUES('CSA212','VENEZUELA ANTE EL SIGLO XXI-II', 3);
INSERT INTO ASIGNATURA VALUES('CSA213','VENEZUELA ANTE EL SIGLO XXI-III', 3);

-- Inglés
INSERT INTO ASIGNATURA VALUES('ID1111','INGLES I', 3);
INSERT INTO ASIGNATURA VALUES('ID1112','INGLES II', 3);
INSERT INTO ASIGNATURA VALUES('ID1113','INGLES III', 3);

-- Geometrías Descriptivas
INSERT INTO ASIGNATURA VALUES('DA1111','GEOMETRIA DESCRIPTIVA I', 3);
INSERT INTO ASIGNATURA VALUES('DA1112','GEOMETRIA DESCRIPTIVA II', 3);
INSERT INTO ASIGNATURA VALUES('DA1113','DIBUJO Y PERSPECTIVA', 3);

-- Arquitectura y Urbanismo
INSERT INTO ASIGNATURA VALUES('PL1510','ARQUITECTURA Y URBANISMO', 3);

-- Diseños
INSERT INTO ASIGNATURA VALUES('DA1311','DISEÑO BASICO',5);
INSERT INTO ASIGNATURA VALUES('DA1312','DISEÑO I',5);
INSERT INTO ASIGNATURA VALUES('DA1313','DISEÑO II',5);
INSERT INTO ASIGNATURA VALUES('DA1314','DISEÑO III',5);
INSERT INTO ASIGNATURA VALUES('DA2311','DISEÑO IV',5);
INSERT INTO ASIGNATURA VALUES('DA2312','DISEÑO V',5);
INSERT INTO ASIGNATURA VALUES('DA2313','DISEÑO VI',5);
INSERT INTO ASIGNATURA VALUES('DA2314','DISEÑO VII',5);
INSERT INTO ASIGNATURA VALUES('DA3311','DISEÑO VIII',5);
INSERT INTO ASIGNATURA VALUES('DA3312','DISEÑO IX',5);
INSERT INTO ASIGNATURA VALUES('DA3313','DISEÑO X',5);

-- Plásticas
INSERT INTO ASIGNATURA VALUES('DA1211','APRECIACIÓN PLASTICA I',2);
INSERT INTO ASIGNATURA VALUES('DA1212','APRECIACIÓN PLASTICA II',2);
INSERT INTO ASIGNATURA VALUES('DA2211','APRECIACIÓN PLASTICA III',2);

-- Principios de Biología
INSERT INTO ASIGNATURA VALUES('EA2100', 'PRINCIPIOS DE BIOLOGIA',3);
INSERT INTO ASIGNATURA VALUES('QM1121', 'QUIMICA GENERAL I',4);
INSERT INTO ASIGNATURA VALUES('QM1122', 'QUIMICA GENERAL II',4);
INSERT INTO ASIGNATURA VALUES('QM1181', 'LAGORATORIO DE QUIMICA GENERAL I',1);

--Materias de Gestión de la Hospitalidad
INSERT INTO ASIGNATURA VALUES('FC1129', 'MATEMATICAS I',4);
INSERT INTO ASIGNATURA VALUES('FC1505', 'LENGUAJE I',3);
INSERT INTO ASIGNATURA VALUES('FCA151', 'HOMBRE CULTURA Y SOCIEDAD I',3);
INSERT INTO ASIGNATURA VALUES('FC1221', 'INGLES I',3);
INSERT INTO ASIGNATURA VALUES('TS1113', 'FUNDAMENTOS DE ADMINISTRACION',3);
INSERT INTO ASIGNATURA VALUES('FC1229', 'MATEMATICAS II',4);
INSERT INTO ASIGNATURA VALUES('FC1515', 'LENGUAJE II',3);
INSERT INTO ASIGNATURA VALUES('FCA161', 'HOMBRE CULTURA Y SOCIEDAD II',3);
INSERT INTO ASIGNATURA VALUES('FC1224', 'INGLES II',3);
INSERT INTO ASIGNATURA VALUES('TS1114', 'INTRODUCCION A LA QUIMICA',3);
INSERT INTO ASIGNATURA VALUES('FC3701', 'MATEMATICA FINANCIERA',4);
INSERT INTO ASIGNATURA VALUES('FC1525', 'LENGUAJE III',3);
INSERT INTO ASIGNATURA VALUES('FCA171', 'HOMBRE CULTURA Y SOCIEDAD III',3);
INSERT INTO ASIGNATURA VALUES('FC1701', 'INGLES II',3);
INSERT INTO ASIGNATURA VALUES('TS1724', 'CONTABILIDAD',3);

------------------------------CREACION DE CICLOS BASICOS-----------------------

-- CICLO BASICO DE LA MAYORIA DE LAS INGENIERIAS
-- ING ELECTRICA 2010
INSERT INTO CICLO_BASICO VALUES(0100,'2010','MA1111');
INSERT INTO CICLO_BASICO VALUES(0100,'2010','MA1112');
INSERT INTO CICLO_BASICO VALUES(0100,'2010','MA1116');
INSERT INTO CICLO_BASICO VALUES(0100,'2010','FS1111');
INSERT INTO CICLO_BASICO VALUES(0100,'2010','FS1112');
INSERT INTO CICLO_BASICO VALUES(0100,'2010','LLA111');
INSERT INTO CICLO_BASICO VALUES(0100,'2010','LLA112');
INSERT INTO CICLO_BASICO VALUES(0100,'2010','LLA113');
INSERT INTO CICLO_BASICO VALUES(0100,'2010','ID1111');
INSERT INTO CICLO_BASICO VALUES(0100,'2010','ID1112');
INSERT INTO CICLO_BASICO VALUES(0100,'2010','ID1113');
INSERT INTO CICLO_BASICO VALUES(0100,'2010','CSA211');
INSERT INTO CICLO_BASICO VALUES(0100,'2010','CSA212');
INSERT INTO CICLO_BASICO VALUES(0100,'2010','CSA213');
-- ING ELECTRICA 2011
INSERT INTO CICLO_BASICO VALUES(0100,'2011','MA1111');
INSERT INTO CICLO_BASICO VALUES(0100,'2011','MA1112');
INSERT INTO CICLO_BASICO VALUES(0100,'2011','MA1116');
INSERT INTO CICLO_BASICO VALUES(0100,'2011','FS1111');
INSERT INTO CICLO_BASICO VALUES(0100,'2011','FS1112');
INSERT INTO CICLO_BASICO VALUES(0100,'2011','LLA111');
INSERT INTO CICLO_BASICO VALUES(0100,'2011','LLA112');
INSERT INTO CICLO_BASICO VALUES(0100,'2011','LLA113');
INSERT INTO CICLO_BASICO VALUES(0100,'2011','ID1111');
INSERT INTO CICLO_BASICO VALUES(0100,'2011','ID1112');
INSERT INTO CICLO_BASICO VALUES(0100,'2011','ID1113');
INSERT INTO CICLO_BASICO VALUES(0100,'2011','CSA211');
INSERT INTO CICLO_BASICO VALUES(0100,'2011','CSA212');
INSERT INTO CICLO_BASICO VALUES(0100,'2011','CSA213');
-- ING ELECTRICA 2012
INSERT INTO CICLO_BASICO VALUES(0100,'2012','MA1111');
INSERT INTO CICLO_BASICO VALUES(0100,'2012','MA1112');
INSERT INTO CICLO_BASICO VALUES(0100,'2012','MA1116');
INSERT INTO CICLO_BASICO VALUES(0100,'2012','FS1111');
INSERT INTO CICLO_BASICO VALUES(0100,'2012','FS1112');
INSERT INTO CICLO_BASICO VALUES(0100,'2012','LLA111');
INSERT INTO CICLO_BASICO VALUES(0100,'2012','LLA112');
INSERT INTO CICLO_BASICO VALUES(0100,'2012','LLA113');
INSERT INTO CICLO_BASICO VALUES(0100,'2012','ID1111');
INSERT INTO CICLO_BASICO VALUES(0100,'2012','ID1112');
INSERT INTO CICLO_BASICO VALUES(0100,'2012','ID1113');
INSERT INTO CICLO_BASICO VALUES(0100,'2012','CSA211');
INSERT INTO CICLO_BASICO VALUES(0100,'2012','CSA212');
INSERT INTO CICLO_BASICO VALUES(0100,'2012','CSA213');
-----
-- ING MECANICA 2010
INSERT INTO CICLO_BASICO VALUES(0200,'2010','MA1511');
INSERT INTO CICLO_BASICO VALUES(0200,'2010','MA1111');
INSERT INTO CICLO_BASICO VALUES(0200,'2010','MA1112');
INSERT INTO CICLO_BASICO VALUES(0200,'2010','MA1116');
INSERT INTO CICLO_BASICO VALUES(0200,'2010','FS1111');
INSERT INTO CICLO_BASICO VALUES(0200,'2010','FS1112');
INSERT INTO CICLO_BASICO VALUES(0200,'2010','LLA111');
INSERT INTO CICLO_BASICO VALUES(0200,'2010','LLA112');
INSERT INTO CICLO_BASICO VALUES(0200,'2010','LLA113');
INSERT INTO CICLO_BASICO VALUES(0200,'2010','ID1111');
INSERT INTO CICLO_BASICO VALUES(0200,'2010','ID1112');
INSERT INTO CICLO_BASICO VALUES(0200,'2010','ID1113');
INSERT INTO CICLO_BASICO VALUES(0200,'2010','CSA211');
INSERT INTO CICLO_BASICO VALUES(0200,'2010','CSA212');
INSERT INTO CICLO_BASICO VALUES(0200,'2010','CSA213');
-- ING MECANICA 2011
INSERT INTO CICLO_BASICO VALUES(0200,'2011','MA1511');
INSERT INTO CICLO_BASICO VALUES(0200,'2011','MA1111');
INSERT INTO CICLO_BASICO VALUES(0200,'2011','MA1112');
INSERT INTO CICLO_BASICO VALUES(0200,'2011','MA1116');
INSERT INTO CICLO_BASICO VALUES(0200,'2011','FS1111');
INSERT INTO CICLO_BASICO VALUES(0200,'2011','FS1112');
INSERT INTO CICLO_BASICO VALUES(0200,'2011','LLA111');
INSERT INTO CICLO_BASICO VALUES(0200,'2011','LLA112');
INSERT INTO CICLO_BASICO VALUES(0200,'2011','LLA113');
INSERT INTO CICLO_BASICO VALUES(0200,'2011','ID1111');
INSERT INTO CICLO_BASICO VALUES(0200,'2011','ID1112');
INSERT INTO CICLO_BASICO VALUES(0200,'2011','ID1113');
INSERT INTO CICLO_BASICO VALUES(0200,'2011','CSA211');
INSERT INTO CICLO_BASICO VALUES(0200,'2011','CSA212');
INSERT INTO CICLO_BASICO VALUES(0200,'2011','CSA213');
-- ING MECANICA 2012
INSERT INTO CICLO_BASICO VALUES(0200,'2012','MA1511');
INSERT INTO CICLO_BASICO VALUES(0200,'2012','MA1111');
INSERT INTO CICLO_BASICO VALUES(0200,'2012','MA1112');
INSERT INTO CICLO_BASICO VALUES(0200,'2012','MA1116');
INSERT INTO CICLO_BASICO VALUES(0200,'2012','FS1111');
INSERT INTO CICLO_BASICO VALUES(0200,'2012','FS1112');
INSERT INTO CICLO_BASICO VALUES(0200,'2012','LLA111');
INSERT INTO CICLO_BASICO VALUES(0200,'2012','LLA112');
INSERT INTO CICLO_BASICO VALUES(0200,'2012','LLA113');
INSERT INTO CICLO_BASICO VALUES(0200,'2012','ID1111');
INSERT INTO CICLO_BASICO VALUES(0200,'2012','ID1112');
INSERT INTO CICLO_BASICO VALUES(0200,'2012','ID1113');
INSERT INTO CICLO_BASICO VALUES(0200,'2012','CSA211');
INSERT INTO CICLO_BASICO VALUES(0200,'2012','CSA212');
INSERT INTO CICLO_BASICO VALUES(0200,'2012','CSA213');
-----
-- ING QUIMICA 2010
INSERT INTO CICLO_BASICO VALUES(0300,'2010','MA1111');
INSERT INTO CICLO_BASICO VALUES(0300,'2010','MA1112');
INSERT INTO CICLO_BASICO VALUES(0300,'2010','MA1116');
INSERT INTO CICLO_BASICO VALUES(0300,'2010','FS1111');
INSERT INTO CICLO_BASICO VALUES(0300,'2010','FS1112');
INSERT INTO CICLO_BASICO VALUES(0300,'2010','LLA111');
INSERT INTO CICLO_BASICO VALUES(0300,'2010','LLA112');
INSERT INTO CICLO_BASICO VALUES(0300,'2010','LLA113');
INSERT INTO CICLO_BASICO VALUES(0300,'2010','ID1111');
INSERT INTO CICLO_BASICO VALUES(0300,'2010','ID1112');
INSERT INTO CICLO_BASICO VALUES(0300,'2010','ID1113');
INSERT INTO CICLO_BASICO VALUES(0300,'2010','CSA211');
INSERT INTO CICLO_BASICO VALUES(0300,'2010','CSA212');
INSERT INTO CICLO_BASICO VALUES(0300,'2010','CSA213');
-- ING QUIMICA 2011
INSERT INTO CICLO_BASICO VALUES(0300,'2011','MA1111');
INSERT INTO CICLO_BASICO VALUES(0300,'2011','MA1112');
INSERT INTO CICLO_BASICO VALUES(0300,'2011','MA1116');
INSERT INTO CICLO_BASICO VALUES(0300,'2011','FS1111');
INSERT INTO CICLO_BASICO VALUES(0300,'2011','FS1112');
INSERT INTO CICLO_BASICO VALUES(0300,'2011','LLA111');
INSERT INTO CICLO_BASICO VALUES(0300,'2011','LLA112');
INSERT INTO CICLO_BASICO VALUES(0300,'2011','LLA113');
INSERT INTO CICLO_BASICO VALUES(0300,'2011','ID1111');
INSERT INTO CICLO_BASICO VALUES(0300,'2011','ID1112');
INSERT INTO CICLO_BASICO VALUES(0300,'2011','ID1113');
INSERT INTO CICLO_BASICO VALUES(0300,'2011','CSA211');
INSERT INTO CICLO_BASICO VALUES(0300,'2011','CSA212');
INSERT INTO CICLO_BASICO VALUES(0300,'2011','CSA213');
-- ING QUIMICA 2012
INSERT INTO CICLO_BASICO VALUES(0300,'2012','MA1111');
INSERT INTO CICLO_BASICO VALUES(0300,'2012','MA1112');
INSERT INTO CICLO_BASICO VALUES(0300,'2012','MA1116');
INSERT INTO CICLO_BASICO VALUES(0300,'2012','FS1111');
INSERT INTO CICLO_BASICO VALUES(0300,'2012','FS1112');
INSERT INTO CICLO_BASICO VALUES(0300,'2012','LLA111');
INSERT INTO CICLO_BASICO VALUES(0300,'2012','LLA112');
INSERT INTO CICLO_BASICO VALUES(0300,'2012','LLA113');
INSERT INTO CICLO_BASICO VALUES(0300,'2012','ID1111');
INSERT INTO CICLO_BASICO VALUES(0300,'2012','ID1112');
INSERT INTO CICLO_BASICO VALUES(0300,'2012','ID1113');
INSERT INTO CICLO_BASICO VALUES(0300,'2012','CSA211');
INSERT INTO CICLO_BASICO VALUES(0300,'2012','CSA212');
INSERT INTO CICLO_BASICO VALUES(0300,'2012','CSA213');
-----
-- ING ELECTRONICA 2010
INSERT INTO CICLO_BASICO VALUES(0600,'2010','MA1111');
INSERT INTO CICLO_BASICO VALUES(0600,'2010','MA1112');
INSERT INTO CICLO_BASICO VALUES(0600,'2010','MA1116');
INSERT INTO CICLO_BASICO VALUES(0600,'2010','FS1111');
INSERT INTO CICLO_BASICO VALUES(0600,'2010','FS1112');
INSERT INTO CICLO_BASICO VALUES(0600,'2010','LLA111');
INSERT INTO CICLO_BASICO VALUES(0600,'2010','LLA112');
INSERT INTO CICLO_BASICO VALUES(0600,'2010','LLA113');
INSERT INTO CICLO_BASICO VALUES(0600,'2010','ID1111');
INSERT INTO CICLO_BASICO VALUES(0600,'2010','ID1112');
INSERT INTO CICLO_BASICO VALUES(0600,'2010','ID1113');
INSERT INTO CICLO_BASICO VALUES(0600,'2010','CSA211');
INSERT INTO CICLO_BASICO VALUES(0600,'2010','CSA212');
INSERT INTO CICLO_BASICO VALUES(0600,'2010','CSA213');
-- ING ELECTRONICA 2011
INSERT INTO CICLO_BASICO VALUES(0600,'2011','MA1111');
INSERT INTO CICLO_BASICO VALUES(0600,'2011','MA1112');
INSERT INTO CICLO_BASICO VALUES(0600,'2011','MA1116');
INSERT INTO CICLO_BASICO VALUES(0600,'2011','FS1111');
INSERT INTO CICLO_BASICO VALUES(0600,'2011','FS1112');
INSERT INTO CICLO_BASICO VALUES(0600,'2011','LLA111');
INSERT INTO CICLO_BASICO VALUES(0600,'2011','LLA112');
INSERT INTO CICLO_BASICO VALUES(0600,'2011','LLA113');
INSERT INTO CICLO_BASICO VALUES(0600,'2011','ID1111');
INSERT INTO CICLO_BASICO VALUES(0600,'2011','ID1112');
INSERT INTO CICLO_BASICO VALUES(0600,'2011','ID1113');
INSERT INTO CICLO_BASICO VALUES(0600,'2011','CSA211');
INSERT INTO CICLO_BASICO VALUES(0600,'2011','CSA212');
INSERT INTO CICLO_BASICO VALUES(0600,'2011','CSA213');
-- ING ELECTRONICA 2012
INSERT INTO CICLO_BASICO VALUES(0600,'2012','MA1111');
INSERT INTO CICLO_BASICO VALUES(0600,'2012','MA1112');
INSERT INTO CICLO_BASICO VALUES(0600,'2012','MA1116');
INSERT INTO CICLO_BASICO VALUES(0600,'2012','FS1111');
INSERT INTO CICLO_BASICO VALUES(0600,'2012','FS1112');
INSERT INTO CICLO_BASICO VALUES(0600,'2012','LLA111');
INSERT INTO CICLO_BASICO VALUES(0600,'2012','LLA112');
INSERT INTO CICLO_BASICO VALUES(0600,'2012','LLA113');
INSERT INTO CICLO_BASICO VALUES(0600,'2012','ID1111');
INSERT INTO CICLO_BASICO VALUES(0600,'2012','ID1112');
INSERT INTO CICLO_BASICO VALUES(0600,'2012','ID1113');
INSERT INTO CICLO_BASICO VALUES(0600,'2012','CSA211');
INSERT INTO CICLO_BASICO VALUES(0600,'2012','CSA212');
INSERT INTO CICLO_BASICO VALUES(0600,'2012','CSA213');
-----
-- ING COMPUTACION 2010
INSERT INTO CICLO_BASICO VALUES(0800,'2010','MA1111');
INSERT INTO CICLO_BASICO VALUES(0800,'2010','MA1112');
INSERT INTO CICLO_BASICO VALUES(0800,'2010','MA1116');
INSERT INTO CICLO_BASICO VALUES(0800,'2010','FS1111');
INSERT INTO CICLO_BASICO VALUES(0800,'2010','FS1112');
INSERT INTO CICLO_BASICO VALUES(0800,'2010','LLA111');
INSERT INTO CICLO_BASICO VALUES(0800,'2010','LLA112');
INSERT INTO CICLO_BASICO VALUES(0800,'2010','LLA113');
INSERT INTO CICLO_BASICO VALUES(0800,'2010','ID1111');
INSERT INTO CICLO_BASICO VALUES(0800,'2010','ID1112');
INSERT INTO CICLO_BASICO VALUES(0800,'2010','ID1113');
INSERT INTO CICLO_BASICO VALUES(0800,'2010','CSA211');
INSERT INTO CICLO_BASICO VALUES(0800,'2010','CSA212');
INSERT INTO CICLO_BASICO VALUES(0800,'2010','CSA213');
-- ING COMPUTACION 2011
INSERT INTO CICLO_BASICO VALUES(0800,'2011','MA1111');
INSERT INTO CICLO_BASICO VALUES(0800,'2011','MA1112');
INSERT INTO CICLO_BASICO VALUES(0800,'2011','MA1116');
INSERT INTO CICLO_BASICO VALUES(0800,'2011','FS1111');
INSERT INTO CICLO_BASICO VALUES(0800,'2011','FS1112');
INSERT INTO CICLO_BASICO VALUES(0800,'2011','LLA111');
INSERT INTO CICLO_BASICO VALUES(0800,'2011','LLA112');
INSERT INTO CICLO_BASICO VALUES(0800,'2011','LLA113');
INSERT INTO CICLO_BASICO VALUES(0800,'2011','ID1111');
INSERT INTO CICLO_BASICO VALUES(0800,'2011','ID1112');
INSERT INTO CICLO_BASICO VALUES(0800,'2011','ID1113');
INSERT INTO CICLO_BASICO VALUES(0800,'2011','CSA211');
INSERT INTO CICLO_BASICO VALUES(0800,'2011','CSA212');
INSERT INTO CICLO_BASICO VALUES(0800,'2011','CSA213');
-- ING COMPUTACION 2012
INSERT INTO CICLO_BASICO VALUES(0800,'2012','MA1111');
INSERT INTO CICLO_BASICO VALUES(0800,'2012','MA1112');
INSERT INTO CICLO_BASICO VALUES(0800,'2012','MA1116');
INSERT INTO CICLO_BASICO VALUES(0800,'2012','FS1111');
INSERT INTO CICLO_BASICO VALUES(0800,'2012','FS1112');
INSERT INTO CICLO_BASICO VALUES(0800,'2012','LLA111');
INSERT INTO CICLO_BASICO VALUES(0800,'2012','LLA112');
INSERT INTO CICLO_BASICO VALUES(0800,'2012','LLA113');
INSERT INTO CICLO_BASICO VALUES(0800,'2012','ID1111');
INSERT INTO CICLO_BASICO VALUES(0800,'2012','ID1112');
INSERT INTO CICLO_BASICO VALUES(0800,'2012','ID1113');
INSERT INTO CICLO_BASICO VALUES(0800,'2012','CSA211');
INSERT INTO CICLO_BASICO VALUES(0800,'2012','CSA212');
INSERT INTO CICLO_BASICO VALUES(0800,'2012','CSA213');
-----
-- ING MATERIALES 2010
INSERT INTO CICLO_BASICO VALUES(1500,'2010','MA1111');
INSERT INTO CICLO_BASICO VALUES(1500,'2010','MA1112');
INSERT INTO CICLO_BASICO VALUES(1500,'2010','MA1116');
INSERT INTO CICLO_BASICO VALUES(1500,'2010','FS1111');
INSERT INTO CICLO_BASICO VALUES(1500,'2010','FS1112');
INSERT INTO CICLO_BASICO VALUES(1500,'2010','LLA111');
INSERT INTO CICLO_BASICO VALUES(1500,'2010','LLA112');
INSERT INTO CICLO_BASICO VALUES(1500,'2010','LLA113');
INSERT INTO CICLO_BASICO VALUES(1500,'2010','ID1111');
INSERT INTO CICLO_BASICO VALUES(1500,'2010','ID1112');
INSERT INTO CICLO_BASICO VALUES(1500,'2010','ID1113');
INSERT INTO CICLO_BASICO VALUES(1500,'2010','CSA211');
INSERT INTO CICLO_BASICO VALUES(1500,'2010','CSA212');
INSERT INTO CICLO_BASICO VALUES(1500,'2010','CSA213');
-- ING MATERIALES 2011
INSERT INTO CICLO_BASICO VALUES(1500,'2011','MA1111');
INSERT INTO CICLO_BASICO VALUES(1500,'2011','MA1112');
INSERT INTO CICLO_BASICO VALUES(1500,'2011','MA1116');
INSERT INTO CICLO_BASICO VALUES(1500,'2011','FS1111');
INSERT INTO CICLO_BASICO VALUES(1500,'2011','FS1112');
INSERT INTO CICLO_BASICO VALUES(1500,'2011','LLA111');
INSERT INTO CICLO_BASICO VALUES(1500,'2011','LLA112');
INSERT INTO CICLO_BASICO VALUES(1500,'2011','LLA113');
INSERT INTO CICLO_BASICO VALUES(1500,'2011','ID1111');
INSERT INTO CICLO_BASICO VALUES(1500,'2011','ID1112');
INSERT INTO CICLO_BASICO VALUES(1500,'2011','ID1113');
INSERT INTO CICLO_BASICO VALUES(1500,'2011','CSA211');
INSERT INTO CICLO_BASICO VALUES(1500,'2011','CSA212');
INSERT INTO CICLO_BASICO VALUES(1500,'2011','CSA213');
-- ING MATERIALES 2012
INSERT INTO CICLO_BASICO VALUES(1500,'2012','MA1111');
INSERT INTO CICLO_BASICO VALUES(1500,'2012','MA1112');
INSERT INTO CICLO_BASICO VALUES(1500,'2012','MA1116');
INSERT INTO CICLO_BASICO VALUES(1500,'2012','FS1111');
INSERT INTO CICLO_BASICO VALUES(1500,'2012','FS1112');
INSERT INTO CICLO_BASICO VALUES(1500,'2012','LLA111');
INSERT INTO CICLO_BASICO VALUES(1500,'2012','LLA112');
INSERT INTO CICLO_BASICO VALUES(1500,'2012','LLA113');
INSERT INTO CICLO_BASICO VALUES(1500,'2012','ID1111');
INSERT INTO CICLO_BASICO VALUES(1500,'2012','ID1112');
INSERT INTO CICLO_BASICO VALUES(1500,'2012','ID1113');
INSERT INTO CICLO_BASICO VALUES(1500,'2012','CSA211');
INSERT INTO CICLO_BASICO VALUES(1500,'2012','CSA212');
INSERT INTO CICLO_BASICO VALUES(1500,'2012','CSA213');
-----
-- ING GEOFISICA 2010
INSERT INTO CICLO_BASICO VALUES(1200,'2010','MA1111');
INSERT INTO CICLO_BASICO VALUES(1200,'2010','MA1112');
INSERT INTO CICLO_BASICO VALUES(1200,'2010','MA1116');
INSERT INTO CICLO_BASICO VALUES(1200,'2010','FS1111');
INSERT INTO CICLO_BASICO VALUES(1200,'2010','FS1112');
INSERT INTO CICLO_BASICO VALUES(1200,'2010','LLA111');
INSERT INTO CICLO_BASICO VALUES(1200,'2010','LLA112');
INSERT INTO CICLO_BASICO VALUES(1200,'2010','LLA113');
INSERT INTO CICLO_BASICO VALUES(1200,'2010','ID1111');
INSERT INTO CICLO_BASICO VALUES(1200,'2010','ID1112');
INSERT INTO CICLO_BASICO VALUES(1200,'2010','ID1113');
INSERT INTO CICLO_BASICO VALUES(1200,'2010','CSA211');
INSERT INTO CICLO_BASICO VALUES(1200,'2010','CSA212');
INSERT INTO CICLO_BASICO VALUES(1200,'2010','CSA213');
-- ING GEOFISICA 2011
INSERT INTO CICLO_BASICO VALUES(1200,'2011','MA1111');
INSERT INTO CICLO_BASICO VALUES(1200,'2011','MA1112');
INSERT INTO CICLO_BASICO VALUES(1200,'2011','MA1116');
INSERT INTO CICLO_BASICO VALUES(1200,'2011','FS1111');
INSERT INTO CICLO_BASICO VALUES(1200,'2011','FS1112');
INSERT INTO CICLO_BASICO VALUES(1200,'2011','LLA111');
INSERT INTO CICLO_BASICO VALUES(1200,'2011','LLA112');
INSERT INTO CICLO_BASICO VALUES(1200,'2011','LLA113');
INSERT INTO CICLO_BASICO VALUES(1200,'2011','ID1111');
INSERT INTO CICLO_BASICO VALUES(1200,'2011','ID1112');
INSERT INTO CICLO_BASICO VALUES(1200,'2011','ID1113');
INSERT INTO CICLO_BASICO VALUES(1200,'2011','CSA211');
INSERT INTO CICLO_BASICO VALUES(1200,'2011','CSA212');
INSERT INTO CICLO_BASICO VALUES(1200,'2011','CSA213');
-- ING GEOFISICA 2012
INSERT INTO CICLO_BASICO VALUES(1200,'2012','MA1111');
INSERT INTO CICLO_BASICO VALUES(1200,'2012','MA1112');
INSERT INTO CICLO_BASICO VALUES(1200,'2012','MA1116');
INSERT INTO CICLO_BASICO VALUES(1200,'2012','FS1111');
INSERT INTO CICLO_BASICO VALUES(1200,'2012','FS1112');
INSERT INTO CICLO_BASICO VALUES(1200,'2012','LLA111');
INSERT INTO CICLO_BASICO VALUES(1200,'2012','LLA112');
INSERT INTO CICLO_BASICO VALUES(1200,'2012','LLA113');
INSERT INTO CICLO_BASICO VALUES(1200,'2012','ID1111');
INSERT INTO CICLO_BASICO VALUES(1200,'2012','ID1112');
INSERT INTO CICLO_BASICO VALUES(1200,'2012','ID1113');
INSERT INTO CICLO_BASICO VALUES(1200,'2012','CSA211');
INSERT INTO CICLO_BASICO VALUES(1200,'2012','CSA212');
INSERT INTO CICLO_BASICO VALUES(1200,'2012','CSA213');
-----
-- ING PRODUCCION 2010
INSERT INTO CICLO_BASICO VALUES(1700,'2010','MA1111');
INSERT INTO CICLO_BASICO VALUES(1700,'2010','MA1112');
INSERT INTO CICLO_BASICO VALUES(1700,'2010','MA1116');
INSERT INTO CICLO_BASICO VALUES(1700,'2010','FS1111');
INSERT INTO CICLO_BASICO VALUES(1700,'2010','FS1112');
INSERT INTO CICLO_BASICO VALUES(1700,'2010','LLA111');
INSERT INTO CICLO_BASICO VALUES(1700,'2010','LLA112');
INSERT INTO CICLO_BASICO VALUES(1700,'2010','LLA113');
INSERT INTO CICLO_BASICO VALUES(1700,'2010','ID1111');
INSERT INTO CICLO_BASICO VALUES(1700,'2010','ID1112');
INSERT INTO CICLO_BASICO VALUES(1700,'2010','ID1113');
INSERT INTO CICLO_BASICO VALUES(1700,'2010','CSA211');
INSERT INTO CICLO_BASICO VALUES(1700,'2010','CSA212');
INSERT INTO CICLO_BASICO VALUES(1700,'2010','CSA213');
-- ING PRODUCCION 2011
INSERT INTO CICLO_BASICO VALUES(1700,'2011','MA1111');
INSERT INTO CICLO_BASICO VALUES(1700,'2011','MA1112');
INSERT INTO CICLO_BASICO VALUES(1700,'2011','MA1116');
INSERT INTO CICLO_BASICO VALUES(1700,'2011','FS1111');
INSERT INTO CICLO_BASICO VALUES(1700,'2011','FS1112');
INSERT INTO CICLO_BASICO VALUES(1700,'2011','LLA111');
INSERT INTO CICLO_BASICO VALUES(1700,'2011','LLA112');
INSERT INTO CICLO_BASICO VALUES(1700,'2011','LLA113');
INSERT INTO CICLO_BASICO VALUES(1700,'2011','ID1111');
INSERT INTO CICLO_BASICO VALUES(1700,'2011','ID1112');
INSERT INTO CICLO_BASICO VALUES(1700,'2011','ID1113');
INSERT INTO CICLO_BASICO VALUES(1700,'2011','CSA211');
INSERT INTO CICLO_BASICO VALUES(1700,'2011','CSA212');
INSERT INTO CICLO_BASICO VALUES(1700,'2011','CSA213');
-- ING PRODUCCION 2012
INSERT INTO CICLO_BASICO VALUES(1700,'2012','MA1111');
INSERT INTO CICLO_BASICO VALUES(1700,'2012','MA1112');
INSERT INTO CICLO_BASICO VALUES(1700,'2012','MA1116');
INSERT INTO CICLO_BASICO VALUES(1700,'2012','FS1111');
INSERT INTO CICLO_BASICO VALUES(1700,'2012','FS1112');
INSERT INTO CICLO_BASICO VALUES(1700,'2012','LLA111');
INSERT INTO CICLO_BASICO VALUES(1700,'2012','LLA112');
INSERT INTO CICLO_BASICO VALUES(1700,'2012','LLA113');
INSERT INTO CICLO_BASICO VALUES(1700,'2012','ID1111');
INSERT INTO CICLO_BASICO VALUES(1700,'2012','ID1112');
INSERT INTO CICLO_BASICO VALUES(1700,'2012','ID1113');
INSERT INTO CICLO_BASICO VALUES(1700,'2012','CSA211');
INSERT INTO CICLO_BASICO VALUES(1700,'2012','CSA212');
INSERT INTO CICLO_BASICO VALUES(1700,'2012','CSA213');
-----
-- ING TELECOMUNICACIONES 2011
INSERT INTO CICLO_BASICO VALUES(1800,'2011','MA1111');
INSERT INTO CICLO_BASICO VALUES(1800,'2011','MA1112');
INSERT INTO CICLO_BASICO VALUES(1800,'2011','MA1116');
INSERT INTO CICLO_BASICO VALUES(1800,'2011','FS1111');
INSERT INTO CICLO_BASICO VALUES(1800,'2011','FS1112');
INSERT INTO CICLO_BASICO VALUES(1800,'2011','LLA111');
INSERT INTO CICLO_BASICO VALUES(1800,'2011','LLA112');
INSERT INTO CICLO_BASICO VALUES(1800,'2011','LLA113');
INSERT INTO CICLO_BASICO VALUES(1800,'2011','ID1111');
INSERT INTO CICLO_BASICO VALUES(1800,'2011','ID1112');
INSERT INTO CICLO_BASICO VALUES(1800,'2011','ID1113');
INSERT INTO CICLO_BASICO VALUES(1800,'2011','CSA211');
INSERT INTO CICLO_BASICO VALUES(1800,'2011','CSA212');
INSERT INTO CICLO_BASICO VALUES(1800,'2011','CSA213');
-- ING TELECOMUNICACIONES 2012
INSERT INTO CICLO_BASICO VALUES(1800,'2012','MA1111');
INSERT INTO CICLO_BASICO VALUES(1800,'2012','MA1112');
INSERT INTO CICLO_BASICO VALUES(1800,'2012','MA1116');
INSERT INTO CICLO_BASICO VALUES(1800,'2012','FS1111');
INSERT INTO CICLO_BASICO VALUES(1800,'2012','FS1112');
INSERT INTO CICLO_BASICO VALUES(1800,'2012','LLA111');
INSERT INTO CICLO_BASICO VALUES(1800,'2012','LLA112');
INSERT INTO CICLO_BASICO VALUES(1800,'2012','LLA113');
INSERT INTO CICLO_BASICO VALUES(1800,'2012','ID1111');
INSERT INTO CICLO_BASICO VALUES(1800,'2012','ID1112');
INSERT INTO CICLO_BASICO VALUES(1800,'2012','ID1113');
INSERT INTO CICLO_BASICO VALUES(1800,'2012','CSA211');
INSERT INTO CICLO_BASICO VALUES(1800,'2012','CSA212');
INSERT INTO CICLO_BASICO VALUES(1800,'2012','CSA213');
-----
-- GESTION A LA HOSPITALIDAD 2010
INSERT INTO CICLO_BASICO VALUES(3000,'2010','FC1129');
INSERT INTO CICLO_BASICO VALUES(3000,'2010','FC1505');
INSERT INTO CICLO_BASICO VALUES(3000,'2010','FCA151');
INSERT INTO CICLO_BASICO VALUES(3000,'2010','FC1221');
INSERT INTO CICLO_BASICO VALUES(3000,'2010','TS1113');
INSERT INTO CICLO_BASICO VALUES(3000,'2010','FC1229');
INSERT INTO CICLO_BASICO VALUES(3000,'2010','FC1515');
INSERT INTO CICLO_BASICO VALUES(3000,'2010','FCA161');
INSERT INTO CICLO_BASICO VALUES(3000,'2010','FC1224');
INSERT INTO CICLO_BASICO VALUES(3000,'2010','TS1114');
INSERT INTO CICLO_BASICO VALUES(3000,'2010','FC3701');
INSERT INTO CICLO_BASICO VALUES(3000,'2010','FC1525');
INSERT INTO CICLO_BASICO VALUES(3000,'2010','FCA171');
INSERT INTO CICLO_BASICO VALUES(3000,'2010','FC1701');
INSERT INTO CICLO_BASICO VALUES(3000,'2010','TS1724');
-- GESTION A LA HOSPITALIDAD 2011
INSERT INTO CICLO_BASICO VALUES(3000,'2011','FC1129');
INSERT INTO CICLO_BASICO VALUES(3000,'2011','FC1505');
INSERT INTO CICLO_BASICO VALUES(3000,'2011','FCA151');
INSERT INTO CICLO_BASICO VALUES(3000,'2011','FC1221');
INSERT INTO CICLO_BASICO VALUES(3000,'2011','TS1113');
INSERT INTO CICLO_BASICO VALUES(3000,'2011','FC1229');
INSERT INTO CICLO_BASICO VALUES(3000,'2011','FC1515');
INSERT INTO CICLO_BASICO VALUES(3000,'2011','FCA161');
INSERT INTO CICLO_BASICO VALUES(3000,'2011','FC1224');
INSERT INTO CICLO_BASICO VALUES(3000,'2011','TS1114');
INSERT INTO CICLO_BASICO VALUES(3000,'2011','FC3701');
INSERT INTO CICLO_BASICO VALUES(3000,'2011','FC1525');
INSERT INTO CICLO_BASICO VALUES(3000,'2011','FCA171');
INSERT INTO CICLO_BASICO VALUES(3000,'2011','FC1701');
INSERT INTO CICLO_BASICO VALUES(3000,'2011','TS1724');
-- GESTION A LA HOSPITALIDAD 2012
INSERT INTO CICLO_BASICO VALUES(3000,'2012','FC1129');
INSERT INTO CICLO_BASICO VALUES(3000,'2012','FC1505');
INSERT INTO CICLO_BASICO VALUES(3000,'2012','FCA151');
INSERT INTO CICLO_BASICO VALUES(3000,'2012','FC1221');
INSERT INTO CICLO_BASICO VALUES(3000,'2012','TS1113');
INSERT INTO CICLO_BASICO VALUES(3000,'2012','FC1229');
INSERT INTO CICLO_BASICO VALUES(3000,'2012','FC1515');
INSERT INTO CICLO_BASICO VALUES(3000,'2012','FCA161');
INSERT INTO CICLO_BASICO VALUES(3000,'2012','FC1224');
INSERT INTO CICLO_BASICO VALUES(3000,'2012','TS1114');
INSERT INTO CICLO_BASICO VALUES(3000,'2012','FC3701');
INSERT INTO CICLO_BASICO VALUES(3000,'2012','FC1525');
INSERT INTO CICLO_BASICO VALUES(3000,'2012','FCA171');
INSERT INTO CICLO_BASICO VALUES(3000,'2012','FC1701');
INSERT INTO CICLO_BASICO VALUES(3000,'2012','TS1724');
-----
-- LIC MATEMATICA 2010
INSERT INTO CICLO_BASICO VALUES(0500,'2010','MA1511');
INSERT INTO CICLO_BASICO VALUES(0500,'2010','MA1111');
INSERT INTO CICLO_BASICO VALUES(0500,'2010','MA1112');
INSERT INTO CICLO_BASICO VALUES(0500,'2010','MA1116');
INSERT INTO CICLO_BASICO VALUES(0500,'2010','FS1111');
INSERT INTO CICLO_BASICO VALUES(0500,'2010','FS1112');
INSERT INTO CICLO_BASICO VALUES(0500,'2010','LLA111');
INSERT INTO CICLO_BASICO VALUES(0500,'2010','LLA112');
INSERT INTO CICLO_BASICO VALUES(0500,'2010','LLA113');
INSERT INTO CICLO_BASICO VALUES(0500,'2010','ID1111');
INSERT INTO CICLO_BASICO VALUES(0500,'2010','ID1112');
INSERT INTO CICLO_BASICO VALUES(0500,'2010','ID1113');
INSERT INTO CICLO_BASICO VALUES(0500,'2010','CSA211');
INSERT INTO CICLO_BASICO VALUES(0500,'2010','CSA212');
INSERT INTO CICLO_BASICO VALUES(0500,'2010','CSA213');
-- LIC MATEMATICA 2011
INSERT INTO CICLO_BASICO VALUES(0500,'2011','MA1511');
INSERT INTO CICLO_BASICO VALUES(0500,'2011','MA1111');
INSERT INTO CICLO_BASICO VALUES(0500,'2011','MA1112');
INSERT INTO CICLO_BASICO VALUES(0500,'2011','MA1116');
INSERT INTO CICLO_BASICO VALUES(0500,'2011','FS1111');
INSERT INTO CICLO_BASICO VALUES(0500,'2011','FS1112');
INSERT INTO CICLO_BASICO VALUES(0500,'2011','LLA111');
INSERT INTO CICLO_BASICO VALUES(0500,'2011','LLA112');
INSERT INTO CICLO_BASICO VALUES(0500,'2011','LLA113');
INSERT INTO CICLO_BASICO VALUES(0500,'2011','ID1111');
INSERT INTO CICLO_BASICO VALUES(0500,'2011','ID1112');
INSERT INTO CICLO_BASICO VALUES(0500,'2011','ID1113');
INSERT INTO CICLO_BASICO VALUES(0500,'2011','CSA211');
INSERT INTO CICLO_BASICO VALUES(0500,'2011','CSA212');
INSERT INTO CICLO_BASICO VALUES(0500,'2011','CSA213');
-- LIC MATEMATICA 2012
INSERT INTO CICLO_BASICO VALUES(0500,'2012','MA1511');
INSERT INTO CICLO_BASICO VALUES(0500,'2012','MA1111');
INSERT INTO CICLO_BASICO VALUES(0500,'2012','MA1112');
INSERT INTO CICLO_BASICO VALUES(0500,'2012','MA1116');
INSERT INTO CICLO_BASICO VALUES(0500,'2012','FS1111');
INSERT INTO CICLO_BASICO VALUES(0500,'2012','FS1112');
INSERT INTO CICLO_BASICO VALUES(0500,'2012','LLA111');
INSERT INTO CICLO_BASICO VALUES(0500,'2012','LLA112');
INSERT INTO CICLO_BASICO VALUES(0500,'2012','LLA113');
INSERT INTO CICLO_BASICO VALUES(0500,'2012','ID1111');
INSERT INTO CICLO_BASICO VALUES(0500,'2012','ID1112');
INSERT INTO CICLO_BASICO VALUES(0500,'2012','ID1113');
INSERT INTO CICLO_BASICO VALUES(0500,'2012','CSA211');
INSERT INTO CICLO_BASICO VALUES(0500,'2012','CSA212');
INSERT INTO CICLO_BASICO VALUES(0500,'2012','CSA213');
-----
-- LIC QUIMICA 2010
INSERT INTO CICLO_BASICO VALUES(0400,'2010','MA1111');
INSERT INTO CICLO_BASICO VALUES(0400,'2010','MA1112');
INSERT INTO CICLO_BASICO VALUES(0400,'2010','MA1116');
INSERT INTO CICLO_BASICO VALUES(0400,'2010','FS1111');
INSERT INTO CICLO_BASICO VALUES(0400,'2010','FS1112');
INSERT INTO CICLO_BASICO VALUES(0400,'2010','LLA111');
INSERT INTO CICLO_BASICO VALUES(0400,'2010','LLA112');
INSERT INTO CICLO_BASICO VALUES(0400,'2010','LLA113');
INSERT INTO CICLO_BASICO VALUES(0400,'2010','ID1111');
INSERT INTO CICLO_BASICO VALUES(0400,'2010','ID1112');
INSERT INTO CICLO_BASICO VALUES(0400,'2010','ID1113');
INSERT INTO CICLO_BASICO VALUES(0400,'2010','CSA211');
INSERT INTO CICLO_BASICO VALUES(0400,'2010','CSA212');
INSERT INTO CICLO_BASICO VALUES(0400,'2010','CSA213');
-- LIC QUIMICA 2011
INSERT INTO CICLO_BASICO VALUES(0400,'2011','MA1511');
INSERT INTO CICLO_BASICO VALUES(0400,'2011','MA1111');
INSERT INTO CICLO_BASICO VALUES(0400,'2011','MA1112');
INSERT INTO CICLO_BASICO VALUES(0400,'2011','MA1116');
INSERT INTO CICLO_BASICO VALUES(0400,'2011','FS1111');
INSERT INTO CICLO_BASICO VALUES(0400,'2011','FS1112');
INSERT INTO CICLO_BASICO VALUES(0400,'2011','LLA111');
INSERT INTO CICLO_BASICO VALUES(0400,'2011','LLA112');
INSERT INTO CICLO_BASICO VALUES(0400,'2011','LLA113');
INSERT INTO CICLO_BASICO VALUES(0400,'2011','ID1111');
INSERT INTO CICLO_BASICO VALUES(0400,'2011','ID1112');
INSERT INTO CICLO_BASICO VALUES(0400,'2011','ID1113');
INSERT INTO CICLO_BASICO VALUES(0400,'2011','CSA211');
INSERT INTO CICLO_BASICO VALUES(0400,'2011','CSA212');
INSERT INTO CICLO_BASICO VALUES(0400,'2011','CSA213');
-- LIC QUIMICA 2012
INSERT INTO CICLO_BASICO VALUES(0400,'2012','MA1511');
INSERT INTO CICLO_BASICO VALUES(0400,'2012','MA1111');
INSERT INTO CICLO_BASICO VALUES(0400,'2012','MA1112');
INSERT INTO CICLO_BASICO VALUES(0400,'2012','MA1116');
INSERT INTO CICLO_BASICO VALUES(0400,'2012','FS1111');
INSERT INTO CICLO_BASICO VALUES(0400,'2012','FS1112');
INSERT INTO CICLO_BASICO VALUES(0400,'2012','LLA111');
INSERT INTO CICLO_BASICO VALUES(0400,'2012','LLA112');
INSERT INTO CICLO_BASICO VALUES(0400,'2012','LLA113');
INSERT INTO CICLO_BASICO VALUES(0400,'2012','ID1111');
INSERT INTO CICLO_BASICO VALUES(0400,'2012','ID1112');
INSERT INTO CICLO_BASICO VALUES(0400,'2012','ID1113');
INSERT INTO CICLO_BASICO VALUES(0400,'2012','CSA211');
INSERT INTO CICLO_BASICO VALUES(0400,'2012','CSA212');
INSERT INTO CICLO_BASICO VALUES(0400,'2012','CSA213');
-----
-- LIC FISICA 2010
INSERT INTO CICLO_BASICO VALUES(1000,'2010','MA1111');
INSERT INTO CICLO_BASICO VALUES(1000,'2010','MA1112');
INSERT INTO CICLO_BASICO VALUES(1000,'2010','MA1116');
INSERT INTO CICLO_BASICO VALUES(1000,'2010','FS1111');
INSERT INTO CICLO_BASICO VALUES(1000,'2010','FS1112');
INSERT INTO CICLO_BASICO VALUES(1000,'2010','LLA111');
INSERT INTO CICLO_BASICO VALUES(1000,'2010','LLA112');
INSERT INTO CICLO_BASICO VALUES(1000,'2010','LLA113');
INSERT INTO CICLO_BASICO VALUES(1000,'2010','ID1111');
INSERT INTO CICLO_BASICO VALUES(1000,'2010','ID1112');
INSERT INTO CICLO_BASICO VALUES(1000,'2010','ID1113');
INSERT INTO CICLO_BASICO VALUES(1000,'2010','CSA211');
INSERT INTO CICLO_BASICO VALUES(1000,'2010','CSA212');
INSERT INTO CICLO_BASICO VALUES(1000,'2010','CSA213');
-- LIC FISICA 2011
INSERT INTO CICLO_BASICO VALUES(1000,'2011','MA1511');
INSERT INTO CICLO_BASICO VALUES(1000,'2011','MA1111');
INSERT INTO CICLO_BASICO VALUES(1000,'2011','MA1112');
INSERT INTO CICLO_BASICO VALUES(1000,'2011','MA1116');
INSERT INTO CICLO_BASICO VALUES(1000,'2011','FS1111');
INSERT INTO CICLO_BASICO VALUES(1000,'2011','FS1112');
INSERT INTO CICLO_BASICO VALUES(1000,'2011','LLA111');
INSERT INTO CICLO_BASICO VALUES(1000,'2011','LLA112');
INSERT INTO CICLO_BASICO VALUES(1000,'2011','LLA113');
INSERT INTO CICLO_BASICO VALUES(1000,'2011','ID1111');
INSERT INTO CICLO_BASICO VALUES(1000,'2011','ID1112');
INSERT INTO CICLO_BASICO VALUES(1000,'2011','ID1113');
INSERT INTO CICLO_BASICO VALUES(1000,'2011','CSA211');
INSERT INTO CICLO_BASICO VALUES(1000,'2011','CSA212');
INSERT INTO CICLO_BASICO VALUES(1000,'2011','CSA213');
-- LIC FISICA 2012
INSERT INTO CICLO_BASICO VALUES(1000,'2012','MA1511');
INSERT INTO CICLO_BASICO VALUES(1000,'2012','MA1111');
INSERT INTO CICLO_BASICO VALUES(1000,'2012','MA1112');
INSERT INTO CICLO_BASICO VALUES(1000,'2012','MA1116');
INSERT INTO CICLO_BASICO VALUES(1000,'2012','FS1111');
INSERT INTO CICLO_BASICO VALUES(1000,'2012','FS1112');
INSERT INTO CICLO_BASICO VALUES(1000,'2012','LLA111');
INSERT INTO CICLO_BASICO VALUES(1000,'2012','LLA112');
INSERT INTO CICLO_BASICO VALUES(1000,'2012','LLA113');
INSERT INTO CICLO_BASICO VALUES(1000,'2012','ID1111');
INSERT INTO CICLO_BASICO VALUES(1000,'2012','ID1112');
INSERT INTO CICLO_BASICO VALUES(1000,'2012','ID1113');
INSERT INTO CICLO_BASICO VALUES(1000,'2012','CSA211');
INSERT INTO CICLO_BASICO VALUES(1000,'2012','CSA212');
INSERT INTO CICLO_BASICO VALUES(1000,'2012','CSA213');
-----
-- AQUITECTURA 2010
INSERT INTO CICLO_BASICO VALUES(0700,'2010','MA1111');
INSERT INTO CICLO_BASICO VALUES(0700,'2010','MA1112');
INSERT INTO CICLO_BASICO VALUES(0700,'2010','MA1116');
INSERT INTO CICLO_BASICO VALUES(0700,'2010','FS1163');
INSERT INTO CICLO_BASICO VALUES(0700,'2010','FS1117');
INSERT INTO CICLO_BASICO VALUES(0700,'2010','LLA111');
INSERT INTO CICLO_BASICO VALUES(0700,'2010','LLA112');
INSERT INTO CICLO_BASICO VALUES(0700,'2010','LLA113');
INSERT INTO CICLO_BASICO VALUES(0700,'2010','PL1510');
INSERT INTO CICLO_BASICO VALUES(0700,'2010','DA1111');
INSERT INTO CICLO_BASICO VALUES(0700,'2010','DA1112');
INSERT INTO CICLO_BASICO VALUES(0700,'2010','DA1113');
INSERT INTO CICLO_BASICO VALUES(0700,'2010','CSA211');
INSERT INTO CICLO_BASICO VALUES(0700,'2010','CSA212');
INSERT INTO CICLO_BASICO VALUES(0700,'2010','CSA213');
-- AQUITECTURA 2011
INSERT INTO CICLO_BASICO VALUES(0700,'2011','MA1111');
INSERT INTO CICLO_BASICO VALUES(0700,'2011','MA1112');
INSERT INTO CICLO_BASICO VALUES(0700,'2011','MA1116');
INSERT INTO CICLO_BASICO VALUES(0700,'2011','FS1163');
INSERT INTO CICLO_BASICO VALUES(0700,'2011','FS1117');
INSERT INTO CICLO_BASICO VALUES(0700,'2011','LLA111');
INSERT INTO CICLO_BASICO VALUES(0700,'2011','LLA112');
INSERT INTO CICLO_BASICO VALUES(0700,'2011','LLA113');
INSERT INTO CICLO_BASICO VALUES(0700,'2011','PL1510');
INSERT INTO CICLO_BASICO VALUES(0700,'2011','DA1111');
INSERT INTO CICLO_BASICO VALUES(0700,'2011','DA1112');
INSERT INTO CICLO_BASICO VALUES(0700,'2011','DA1113');
INSERT INTO CICLO_BASICO VALUES(0700,'2011','CSA211');
INSERT INTO CICLO_BASICO VALUES(0700,'2011','CSA212');
INSERT INTO CICLO_BASICO VALUES(0700,'2011','CSA213');
-- AQUITECTURA 2012
INSERT INTO CICLO_BASICO VALUES(0700,'2012','MA1111');
INSERT INTO CICLO_BASICO VALUES(0700,'2012','MA1112');
INSERT INTO CICLO_BASICO VALUES(0700,'2012','MA1116');
INSERT INTO CICLO_BASICO VALUES(0700,'2012','FS1163');
INSERT INTO CICLO_BASICO VALUES(0700,'2012','FS1117');
INSERT INTO CICLO_BASICO VALUES(0700,'2012','LLA111');
INSERT INTO CICLO_BASICO VALUES(0700,'2012','LLA112');
INSERT INTO CICLO_BASICO VALUES(0700,'2012','LLA113');
INSERT INTO CICLO_BASICO VALUES(0700,'2012','PL1510');
INSERT INTO CICLO_BASICO VALUES(0700,'2012','DA1111');
INSERT INTO CICLO_BASICO VALUES(0700,'2012','DA1112');
INSERT INTO CICLO_BASICO VALUES(0700,'2012','DA1113');
INSERT INTO CICLO_BASICO VALUES(0700,'2012','CSA211');
INSERT INTO CICLO_BASICO VALUES(0700,'2012','CSA212');
INSERT INTO CICLO_BASICO VALUES(0700,'2012','CSA213');
-----
-- URBANISMO 2010
INSERT INTO CICLO_BASICO VALUES(1100,'2010','MA1111');
INSERT INTO CICLO_BASICO VALUES(1100,'2010','MA1112');
INSERT INTO CICLO_BASICO VALUES(1100,'2010','MA1116');
INSERT INTO CICLO_BASICO VALUES(1100,'2010','FS1163');
INSERT INTO CICLO_BASICO VALUES(1100,'2010','FS1117');
INSERT INTO CICLO_BASICO VALUES(1100,'2010','LLA111');
INSERT INTO CICLO_BASICO VALUES(1100,'2010','LLA112');
INSERT INTO CICLO_BASICO VALUES(1100,'2010','LLA113');
INSERT INTO CICLO_BASICO VALUES(1100,'2010','PL1510');
INSERT INTO CICLO_BASICO VALUES(1100,'2010','DA1111');
INSERT INTO CICLO_BASICO VALUES(1100,'2010','DA1112');
INSERT INTO CICLO_BASICO VALUES(1100,'2010','DA1113');
INSERT INTO CICLO_BASICO VALUES(1100,'2010','CSA211');
INSERT INTO CICLO_BASICO VALUES(1100,'2010','CSA212');
INSERT INTO CICLO_BASICO VALUES(1100,'2010','CSA213');
-- URBAMISMO 2011
INSERT INTO CICLO_BASICO VALUES(1100,'2011','MA1111');
INSERT INTO CICLO_BASICO VALUES(1100,'2011','MA1112');
INSERT INTO CICLO_BASICO VALUES(1100,'2011','MA1116');
INSERT INTO CICLO_BASICO VALUES(1100,'2011','FS1163');
INSERT INTO CICLO_BASICO VALUES(1100,'2011','FS1117');
INSERT INTO CICLO_BASICO VALUES(1100,'2011','LLA111');
INSERT INTO CICLO_BASICO VALUES(1100,'2011','LLA112');
INSERT INTO CICLO_BASICO VALUES(1100,'2011','LLA113');
INSERT INTO CICLO_BASICO VALUES(1100,'2011','PL1510');
INSERT INTO CICLO_BASICO VALUES(1100,'2011','DA1111');
INSERT INTO CICLO_BASICO VALUES(1100,'2011','DA1112');
INSERT INTO CICLO_BASICO VALUES(1100,'2011','DA1113');
INSERT INTO CICLO_BASICO VALUES(1100,'2011','CSA211');
INSERT INTO CICLO_BASICO VALUES(1100,'2011','CSA212');
INSERT INTO CICLO_BASICO VALUES(1100,'2011','CSA213');
-- URBANISMO 2012
INSERT INTO CICLO_BASICO VALUES(1100,'2012','MA1111');
INSERT INTO CICLO_BASICO VALUES(1100,'2012','MA1112');
INSERT INTO CICLO_BASICO VALUES(1100,'2012','MA1116');
INSERT INTO CICLO_BASICO VALUES(1100,'2012','FS1163');
INSERT INTO CICLO_BASICO VALUES(1100,'2012','FS1117');
INSERT INTO CICLO_BASICO VALUES(1100,'2012','LLA111');
INSERT INTO CICLO_BASICO VALUES(1100,'2012','LLA112');
INSERT INTO CICLO_BASICO VALUES(1100,'2012','LLA113');
INSERT INTO CICLO_BASICO VALUES(1100,'2012','PL1510');
INSERT INTO CICLO_BASICO VALUES(1100,'2012','DA1111');
INSERT INTO CICLO_BASICO VALUES(1100,'2012','DA1112');
INSERT INTO CICLO_BASICO VALUES(1100,'2012','DA1113');
INSERT INTO CICLO_BASICO VALUES(1100,'2012','CSA211');
INSERT INTO CICLO_BASICO VALUES(1100,'2012','CSA212');
INSERT INTO CICLO_BASICO VALUES(1100,'2012','CSA213');
-----
-- LIC BIOLOGIA 2010
INSERT INTO CICLO_BASICO VALUES(1900,'2010','MA1111');
INSERT INTO CICLO_BASICO VALUES(1900,'2010','MA1112');
INSERT INTO CICLO_BASICO VALUES(1900,'2010','MA1116');
INSERT INTO CICLO_BASICO VALUES(1900,'2010','EA2100');
INSERT INTO CICLO_BASICO VALUES(1900,'2010','QM1121');
INSERT INTO CICLO_BASICO VALUES(1900,'2010','QM1122');
INSERT INTO CICLO_BASICO VALUES(1900,'2010','QM1181');
INSERT INTO CICLO_BASICO VALUES(1900,'2010','LLA111');
INSERT INTO CICLO_BASICO VALUES(1900,'2010','LLA112');
INSERT INTO CICLO_BASICO VALUES(1900,'2010','LLA113');
INSERT INTO CICLO_BASICO VALUES(1900,'2010','CSA211');
INSERT INTO CICLO_BASICO VALUES(1900,'2010','CSA212');
INSERT INTO CICLO_BASICO VALUES(1900,'2010','CSA213');
-- LIC BIOLOGIA 2011
INSERT INTO CICLO_BASICO VALUES(1900,'2011','MA1111');
INSERT INTO CICLO_BASICO VALUES(1900,'2011','MA1112');
INSERT INTO CICLO_BASICO VALUES(1900,'2011','MA1116');
INSERT INTO CICLO_BASICO VALUES(1900,'2011','EA2100');
INSERT INTO CICLO_BASICO VALUES(1900,'2011','QM1121');
INSERT INTO CICLO_BASICO VALUES(1900,'2011','QM1122');
INSERT INTO CICLO_BASICO VALUES(1900,'2011','QM1181');
INSERT INTO CICLO_BASICO VALUES(1900,'2011','LLA111');
INSERT INTO CICLO_BASICO VALUES(1900,'2011','LLA112');
INSERT INTO CICLO_BASICO VALUES(1900,'2011','LLA113');
INSERT INTO CICLO_BASICO VALUES(1900,'2011','CSA211');
INSERT INTO CICLO_BASICO VALUES(1900,'2011','CSA212');
INSERT INTO CICLO_BASICO VALUES(1900,'2011','CSA213');
-- LIC BIOLOGIA 2012
INSERT INTO CICLO_BASICO VALUES(1900,'2012','MA1111');
INSERT INTO CICLO_BASICO VALUES(1900,'2012','MA1112');
INSERT INTO CICLO_BASICO VALUES(1900,'2012','MA1116');
INSERT INTO CICLO_BASICO VALUES(1900,'2012','EA2100');
INSERT INTO CICLO_BASICO VALUES(1900,'2012','QM1121');
INSERT INTO CICLO_BASICO VALUES(1900,'2012','QM1122');
INSERT INTO CICLO_BASICO VALUES(1900,'2012','QM1181');
INSERT INTO CICLO_BASICO VALUES(1900,'2012','LLA111');
INSERT INTO CICLO_BASICO VALUES(1900,'2012','LLA112');
INSERT INTO CICLO_BASICO VALUES(1900,'2012','LLA113');
INSERT INTO CICLO_BASICO VALUES(1900,'2012','CSA211');
INSERT INTO CICLO_BASICO VALUES(1900,'2012','CSA212');
INSERT INTO CICLO_BASICO VALUES(1900,'2012','CSA213');

--------------------- INSERCION DE MATERIAS CURSADAS POR ESTUDIANTES
-- DE 10-10239
INSERT INTO CURSA VALUES('10-10239','MA1111');
INSERT INTO CALIFICACION VALUES('10-10239','MA1111','5');
INSERT INTO CURSA VALUES('10-10239','MA1112');
INSERT INTO CALIFICACION VALUES('10-10239','MA1112','4');
INSERT INTO CURSA VALUES('10-10239','MA1116');
INSERT INTO CALIFICACION VALUES('10-10239','MA1116','3');
INSERT INTO CURSA VALUES('10-10239','LLA111');
INSERT INTO CALIFICACION VALUES('10-10239','LLA111','3');
INSERT INTO CURSA VALUES('10-10239','LLA112');
INSERT INTO CALIFICACION VALUES('10-10239','LLA112','4');
INSERT INTO CURSA VALUES('10-10239','LLA113');
INSERT INTO CALIFICACION VALUES('10-10239','LLA113','4');
INSERT INTO CURSA VALUES('10-10239','CSA211');
INSERT INTO CALIFICACION VALUES('10-10239','CSA211','4');
INSERT INTO CURSA VALUES('10-10239','CSA212');
INSERT INTO CALIFICACION VALUES('10-10239','CSA212','4');
INSERT INTO CURSA VALUES('10-10239','CSA213');
INSERT INTO CALIFICACION VALUES('10-10239','CSA213','3');
INSERT INTO CURSA VALUES('10-10239','FS1111');
INSERT INTO CALIFICACION VALUES('10-10239','FS1111','3');
INSERT INTO CURSA VALUES('10-10239','FS1112');
INSERT INTO CALIFICACION VALUES('10-10239','FS1112','3');
INSERT INTO CURSA VALUES('10-10239','ID1111');
INSERT INTO CALIFICACION VALUES('10-10239','ID1111','5');
INSERT INTO CURSA VALUES('10-10239','ID1112');
INSERT INTO CALIFICACION VALUES('10-10239','ID1112','5');
INSERT INTO CURSA VALUES('10-10239','ID1113');
INSERT INTO CALIFICACION VALUES('10-10239','ID1113','4');
-- DE 11-10101
INSERT INTO CURSA VALUES('11-10101','MA1111');
INSERT INTO CALIFICACION VALUES('11-10101','MA1111','3');
INSERT INTO CURSA VALUES('11-10101','MA1112');
INSERT INTO CALIFICACION VALUES('11-10101','MA1112','4');
INSERT INTO CURSA VALUES('11-10101','MA1116');
INSERT INTO CALIFICACION VALUES('11-10101','MA1116','1');
INSERT INTO CURSA VALUES('11-10101','LLA111');
INSERT INTO CALIFICACION VALUES('11-10101','LLA111','3');
INSERT INTO CURSA VALUES('11-10101','LLA112');
INSERT INTO CALIFICACION VALUES('11-10101','LLA112','5');
INSERT INTO CURSA VALUES('11-10101','LLA113');
INSERT INTO CALIFICACION VALUES('11-10101','LLA113','5');
INSERT INTO CURSA VALUES('11-10101','CSA211');
INSERT INTO CALIFICACION VALUES('11-10101','CSA211','4');
INSERT INTO CURSA VALUES('11-10101','CSA212');
INSERT INTO CALIFICACION VALUES('11-10101','CSA212','3');
INSERT INTO CURSA VALUES('11-10101','CSA213');
INSERT INTO CALIFICACION VALUES('11-10101','CSA213','3');
INSERT INTO CURSA VALUES('11-10101','EA2100');
INSERT INTO CALIFICACION VALUES('11-10101','EA2100','5');
INSERT INTO CURSA VALUES('11-10101','QM1121');
INSERT INTO CALIFICACION VALUES('11-10101','QM1121','3');
INSERT INTO CURSA VALUES('11-10101','QM1122');
INSERT INTO CALIFICACION VALUES('11-10101','QM1122','3');
INSERT INTO CURSA VALUES('11-10101','QM1181');
INSERT INTO CALIFICACION VALUES('11-10101','QM1181','2');
-- DE 10-10406
INSERT INTO CURSA VALUES('10-10406','MA1111');
INSERT INTO CALIFICACION VALUES('10-10406','MA1111','5');
INSERT INTO CURSA VALUES('10-10406','MA1112');
INSERT INTO CALIFICACION VALUES('10-10406','MA1112','5');
INSERT INTO CURSA VALUES('10-10406','MA1116');
INSERT INTO CALIFICACION VALUES('10-10406','MA1116','5');
INSERT INTO CURSA VALUES('10-10406','LLA111');
INSERT INTO CALIFICACION VALUES('10-10406','LLA111','5');
INSERT INTO CURSA VALUES('10-10406','LLA112');
INSERT INTO CALIFICACION VALUES('10-10406','LLA112','3');
INSERT INTO CURSA VALUES('10-10406','LLA113');
INSERT INTO CALIFICACION VALUES('10-10406','LLA113','4');
INSERT INTO CURSA VALUES('10-10406','CSA211');
INSERT INTO CALIFICACION VALUES('10-10406','CSA211','4');
INSERT INTO CURSA VALUES('10-10406','CSA212');
INSERT INTO CALIFICACION VALUES('10-10406','CSA212','4');
INSERT INTO CURSA VALUES('10-10406','CSA213');
INSERT INTO CALIFICACION VALUES('10-10406','CSA213','5');
INSERT INTO CURSA VALUES('10-10406','FS1111');
INSERT INTO CALIFICACION VALUES('10-10406','FS1111','3');
INSERT INTO CURSA VALUES('10-10406','FS1112');
INSERT INTO CALIFICACION VALUES('10-10406','FS1112','1');
INSERT INTO CURSA VALUES('10-10406','ID1111');
INSERT INTO CALIFICACION VALUES('10-10406','ID1111','5');
INSERT INTO CURSA VALUES('10-10406','ID1112');
INSERT INTO CALIFICACION VALUES('10-10406','ID1112','5');
INSERT INTO CURSA VALUES('10-10406','ID1113');
INSERT INTO CALIFICACION VALUES('10-10406','ID1113','5');